url_or_keyword,source,category_suspected,priority,added_date,last_attempt_date,status,notes
https://www.hackster.io/,discovered,platforms,high,2026-01-30,2026-01-30,done,Added to platforms.md
https://www.instructables.com/,discovered,platforms,high,2026-01-30,2026-01-30,done,Added to platforms.md
https://robotics.stackexchange.com/,discovered,communities,high,2026-01-30,,pending,Q&A site for robotics - linked from r/ROS
https://www.reddit.com/r/3dprinting/,discovered,communities,medium,2026-01-30,,pending,3D printing community - relevant for robot parts
https://www.reddit.com/r/functionalprint/,discovered,communities,medium,2026-01-30,,pending,Functional 3D prints - relevant for robot parts
https://www.reddit.com/r/electronics/,discovered,communities,medium,2026-01-30,,pending,General electronics community
https://www.reddit.com/r/AskElectronics/,discovered,communities,medium,2026-01-30,,pending,Electronics Q&A community
https://www.adafruit.com/,discovered,commerce,high,2026-01-30,,pending,Major robotics parts retailer
https://www.sparkfun.com/,discovered,commerce,high,2026-01-30,,pending,Major robotics parts retailer
https://www.seeedstudio.com/,discovered,commerce,high,2026-01-30,,pending,Robotics parts retailer - strong in Asia
https://www.ros.org/,discovered,toolchains,high,2026-01-30,2026-01-30,done,Added to toolchains.md - ROS framework
https://gazebosim.org/,discovered,toolchains,high,2026-01-30,2026-01-30,done,Added to toolchains.md - robot simulation
https://www.wokwi.com/,discovered,toolchains,medium,2026-01-30,2026-01-30,done,Added to toolchains.md - online simulator
https://create.arduino.cc/,discovered,platforms,medium,2026-01-30,2026-01-30,done,Redirects to app.arduino.cc - Added to platforms.md
https://wiki.ros.org/,discovered,learning,high,2026-01-30,2026-01-30,done,Added to learning.md
https://docs.ros.org/,discovered,learning,high,2026-01-30,2026-01-30,done,Added to learning.md
https://www.arduino.cc/reference/,discovered,learning,high,2026-01-30,2026-01-30,skipped,Redirects to docs.arduino.cc - covered there
https://learn.adafruit.com/,discovered,learning,high,2026-01-30,2026-01-30,done,Added to learning.md
https://learn.sparkfun.com/,discovered,learning,high,2026-01-30,2026-01-30,done,Added to learning.md
https://www.raspberrypi.com/documentation/,discovered,learning,high,2026-01-30,2026-01-30,done,Added to learning.md
https://projecthub.arduino.cc/,discovered,platforms,high,2026-01-30,2026-01-30,done,Added to platforms.md
https://www.thingiverse.com/,discovered,platforms,high,2026-01-30,2026-01-30,done,Added to platforms.md
https://www.printables.com/,discovered,platforms,high,2026-01-30,2026-01-30,done,Added to platforms.md
https://grabcad.com/library,discovered,platforms,high,2026-01-30,2026-01-30,done,Added to platforms.md
https://hackaday.io/,discovered,platforms,high,2026-01-30,2026-01-30,done,Added to platforms.md
https://docs.arduino.cc/,discovered,learning,high,2026-01-30,2026-01-30,done,Added to learning.md
https://www.raspberrypi.org/courses/electronics-and-robotics,discovered,learning,high,2026-01-30,2026-01-30,done,Added to learning.md - RPi Foundation free courses
https://www.coursera.org/courses?query=robotics,discovered,learning,high,2026-01-30,2026-01-30,done,Added to learning.md - MOOC platform
https://www.classcentral.com/report/robotics-free-online-courses/,google-search,learning,high,2026-01-30,,pending,300 free robotics courses directory
https://www.sciencebuddies.org/blog/robotics-lessons,google-search,learning,medium,2026-01-30,,pending,25+ robotics projects for education
https://www.udemy.com/topic/robotics/free/,google-search,learning,medium,2026-01-30,,pending,Udemy free robotics courses
https://www.edx.org/learn/robotics,google-search,learning,high,2026-01-30,,pending,edX robotics courses
https://www.youtube.com/@dronebot-workshop,google-search,creators,high,2026-01-30,,pending,DroneBot Workshop - electronics tutorials
https://www.youtube.com/c/PaulMcWhorter,google-search,creators,high,2026-01-30,,pending,Paul McWhorter - robotics tutorials 425K+ subs
https://www.therobotstudio.com/,google-search,creators,medium,2026-01-30,,pending,Robot Studio - robotics content
https://www.pololu.com,google-search,hardware,high,2026-01-30,2026-01-30,done,Added to hardware.md - robot electronics retailer
https://odriverobotics.com,google-search,hardware,high,2026-01-30,2026-01-30,done,Added to hardware.md - BLDC motor controller
https://vesc-project.com,google-search,hardware,high,2026-01-30,2026-01-30,done,Added to hardware.md - open source motor controller
https://developer.nvidia.com/embedded,google-search,hardware,high,2026-01-30,2026-01-30,done,Added to hardware.md - Jetson AI platform
https://www.robotis.us/dynamixel/,google-search,hardware,high,2026-01-30,2026-01-30,done,Added to hardware.md - smart servo motors
https://luxonis.com,google-search,hardware,high,2026-01-30,2026-01-30,done,Added to hardware.md - AI depth camera
https://github.com/BCN3D/BCN3D-Moveo,google-search,hardware,high,2026-01-30,2026-01-30,done,Added to hardware.md - open source robot arm
https://arctosrobotics.com,google-search,hardware,high,2026-01-30,2026-01-30,done,Added to hardware.md - modern 6-axis robot arm
https://www.scuttlerobot.org,google-search,hardware,high,2026-01-30,2026-01-30,done,Added to hardware.md - mobile robot platform
https://www.robotshop.com,google-search,commerce,high,2026-01-30,,pending,Major robotics parts retailer - stepper motor controllers
https://docs.luxonis.com,discovered,learning,high,2026-01-30,,pending,Luxonis OAK documentation
https://docs.odriverobotics.com,discovered,learning,high,2026-01-30,,pending,ODrive documentation
https://www.jetson-ai-lab.com,discovered,learning,high,2026-01-30,,pending,Jetson AI Lab tutorials
https://emanual.robotis.com,discovered,learning,high,2026-01-30,,pending,DYNAMIXEL documentation
https://www.interbotix.com,discovered,hardware,medium,2026-01-30,,pending,Trossen Robotics - robot arm kits
https://www.waveshare.com,discovered,commerce,medium,2026-01-30,,pending,Electronics modules retailer - strong in Asia
https://www.dfrobot.com,discovered,commerce,medium,2026-01-30,,pending,DFRobot - robotics components China-based
https://platformio.org/,google-search,toolchains,high,2026-01-30,2026-01-30,done,Added to toolchains.md - embedded IDE
https://micro.ros.org/,google-search,toolchains,high,2026-01-30,2026-01-30,done,Added to toolchains.md - micro-ROS framework
https://moveit.ai/,google-search,toolchains,high,2026-01-30,2026-01-30,done,Added to toolchains.md - motion planning
https://cyberbotics.com/,google-search,toolchains,high,2026-01-30,2026-01-30,done,Added to toolchains.md - Webots simulator
https://www.freecad.org/,google-search,toolchains,high,2026-01-30,2026-01-30,done,Added to toolchains.md - open source CAD
https://openscad.org/,google-search,toolchains,high,2026-01-30,2026-01-30,done,Added to toolchains.md - programmatic CAD
https://www.kicad.org/,google-search,toolchains,high,2026-01-30,2026-01-30,done,Added to toolchains.md - EDA software
https://developer.nvidia.com/isaac/sim,google-search,toolchains,high,2026-01-30,2026-01-30,done,Added to toolchains.md - Isaac Sim
https://circuitpython.org/,google-search,toolchains,high,2026-01-30,2026-01-30,done,Added to toolchains.md - Adafruit Python
https://micropython.org/,google-search,toolchains,high,2026-01-30,2026-01-30,done,Added to toolchains.md - lean Python
https://mujoco.org/,discovered,toolchains,high,2026-01-30,,pending,MuJoCo physics engine - now open source
https://drake.mit.edu/,discovered,toolchains,high,2026-01-30,,pending,Drake robotics toolbox - MIT
https://www.easyeda.com/,discovered,toolchains,medium,2026-01-30,,pending,Online EDA tool - PCB design
https://fritzing.org/,discovered,toolchains,medium,2026-01-30,,pending,Fritzing - circuit documentation
https://tinkercad.com/,discovered,toolchains,medium,2026-01-30,,pending,Tinkercad - beginner 3D and circuits
