url,name,type,first_seen_date,last_checked_date,status,notes
https://reddit.com/r/robotics,r/robotics,Reddit,2026-01-30,2026-01-30,active,315139 members - English robotics community
https://reddit.com/r/arduino,r/arduino,Reddit,2026-01-30,2026-01-30,active,745709 members - Arduino community
https://reddit.com/r/raspberry_pi,r/raspberry_pi,Reddit,2026-01-30,2026-01-30,active,3250689 members - Raspberry Pi community
https://reddit.com/r/ROS,r/ROS,Reddit,2026-01-30,2026-01-30,active,34620 members - ROS community
https://reddit.com/r/diydrones,r/diydrones,Reddit,2026-01-30,2026-01-30,active,75812 members - DIY drones/UAV community
https://reddit.com/r/esp32,r/esp32,Reddit,2026-01-30,2026-01-30,active,165430 members - ESP32 microcontroller community
https://reddit.com/r/AskRobotics,r/AskRobotics,Reddit,2026-01-30,2026-01-30,active,10303 members - Robotics Q&A community
https://reddit.com/r/MobileRobots,r/MobileRobots,Reddit,2026-01-30,2026-01-30,active,5781 members - Mobile robots community
https://discourse.ros.org/,ROS Discourse,Forum,2026-01-30,2026-01-30,active,Official ROS forum redirects to discourse.openrobotics.org
https://forum.arduino.cc/,Arduino Forum,Forum,2026-01-30,2026-01-30,active,Official Arduino forum
https://www.hackster.io/,Hackster.io,Project Hub,2026-01-30,2026-01-30,active,Avnet-owned hardware project community
https://www.instructables.com/,Instructables,Project Hub,2026-01-30,2026-01-30,active,Autodesk-owned DIY project platform since 2006
https://projecthub.arduino.cc/,Arduino Project Hub,Project Hub,2026-01-30,2026-01-30,active,Official Arduino project sharing - 5956 projects
https://app.arduino.cc/,Arduino Cloud,Cloud Platform,2026-01-30,2026-01-30,active,Arduino official cloud IDE and IoT platform
https://www.thingiverse.com/,Thingiverse,3D Model Repository,2026-01-30,2026-01-30,active,MakerBot/UltiMaker 3D model platform
https://www.printables.com/,Printables,3D Model Repository,2026-01-30,2026-01-30,active,Prusa Research 3D model platform
https://grabcad.com/library,GrabCAD,CAD Library,2026-01-30,2026-01-30,active,Stratasys professional CAD community
https://hackaday.io/,Hackaday.io,Project Hub,2026-01-30,2026-01-30,active,Open source hardware project platform
https://wiki.ros.org/,ROS Wiki,Wiki,2026-01-30,2026-01-30,active,ROS 1 official wiki - EOL 2026-05-31 - 15 languages
https://docs.ros.org/,ROS 2 Documentation,Docs,2026-01-30,2026-01-30,active,ROS 2 official docs - Jazzy LTS
https://docs.arduino.cc/,Arduino Documentation,Docs,2026-01-30,2026-01-30,active,Arduino official documentation platform
https://learn.adafruit.com/,Adafruit Learning System,Tutorial Platform,2026-01-30,2026-01-30,active,3301 tutorials - CircuitPython focus
https://learn.sparkfun.com/,SparkFun Learn,Tutorial Platform,2026-01-30,2026-01-30,active,SparkFun education resources
https://www.raspberrypi.com/documentation/,Raspberry Pi Documentation,Docs,2026-01-30,2026-01-30,active,Official RPi documentation - GitHub hosted
https://www.raspberrypi.org/courses/electronics-and-robotics,Raspberry Pi Foundation Courses,Course,2026-01-30,2026-01-30,active,Free electronics and robotics courses
https://www.coursera.org/courses?query=robotics,Coursera Robotics,MOOC,2026-01-30,2026-01-30,active,41 pages of robotics courses
https://www.pololu.com,Pololu,Hardware Retailer,2026-01-30,2026-01-30,active,Robot electronics retailer - motor drivers servo controllers sensors
https://odriverobotics.com,ODrive Robotics,Motor Controller,2026-01-30,2026-01-30,active,High-performance BLDC motor controller - Pro 3000W S1 1600W
https://vesc-project.com,VESC Project,Open Source Hardware,2026-01-30,2026-01-30,active,Open source motor controller ecosystem
https://developer.nvidia.com/embedded,NVIDIA Jetson,AI Platform,2026-01-30,2026-01-30,active,AI edge computing platform - Orin Nano AGX series
https://www.robotis.us/dynamixel/,DYNAMIXEL,Smart Servo,2026-01-30,2026-01-30,active,All-in-one smart actuator - AX MX XM series
https://luxonis.com,Luxonis OAK,AI Camera,2026-01-30,2026-01-30,active,AI depth camera - 48 TOPS DepthAI 2.5M+ downloads
https://github.com/BCN3D/BCN3D-Moveo,BCN3D Moveo,Open Source Robot Arm,2026-01-30,2026-01-30,active,Open source 3D printed robot arm - GitHub 3.1K stars
https://arctosrobotics.com,ARCTOS Robotics,Open Source Robot Arm,2026-01-30,2026-01-30,active,Modern 6-axis 3D printed robot arm - ROS2 support
https://www.scuttlerobot.org,SCUTTLE Robot,Open Source Mobile Robot,2026-01-30,2026-01-30,active,Modular mobile robot platform - Texas A&M origin
https://gazebosim.org/,Gazebo,Simulation Platform,2026-01-30,2026-01-30,active,Open source robot simulator - Jetty LTS 2025-2030
https://www.ros.org/,ROS,Framework,2026-01-30,2026-01-30,active,Robot Operating System - Jazzy LTS Kilted Kaiju
https://platformio.org/,PlatformIO,IDE,2026-01-30,2026-01-30,active,Cross-platform embedded development - 1000+ boards
https://micro.ros.org/,micro-ROS,Framework,2026-01-30,2026-01-30,active,ROS 2 for microcontrollers - FreeRTOS Zephyr NuttX
https://moveit.ai/,MoveIt,Motion Planning,2026-01-30,2026-01-30,active,ROS motion planning framework - 150+ robots supported
https://wokwi.com/,Wokwi,Online Simulator,2026-01-30,2026-01-30,active,ESP32 Arduino online simulator - browser-based
https://cyberbotics.com/,Webots,Simulation Platform,2026-01-30,2026-01-30,active,Open source robot simulator - since 1998
https://www.freecad.org/,FreeCAD,CAD Software,2026-01-30,2026-01-30,active,Open source parametric 3D CAD - v1.0 released
https://openscad.org/,OpenSCAD,CAD Software,2026-01-30,2026-01-30,active,Programmatic 3D CAD - script-based modeling
https://www.kicad.org/,KiCad,EDA Software,2026-01-30,2026-01-30,active,Open source schematic and PCB design
https://developer.nvidia.com/isaac/sim,NVIDIA Isaac Sim,Simulation Platform,2026-01-30,2026-01-30,active,AI-driven robot simulation - Omniverse based
https://circuitpython.org/,CircuitPython,Programming Language,2026-01-30,2026-01-30,active,Adafruit microcontroller Python - 600+ boards
https://micropython.org/,MicroPython,Programming Language,2026-01-30,2026-01-30,active,Lean Python 3 for microcontrollers - 256k code 16k RAM
https://www.adafruit.com/,Adafruit Industries,Commerce/Retailer,2026-01-30,2026-01-30,active,NYC M/WBE open-source retailer - 4.9/5 rating - CircuitPython STEMMA QT
https://www.sparkfun.com/,SparkFun Electronics,Commerce/Retailer,2026-01-30,2026-01-30,active,Boulder CO - Qwiic system - RTK/GNSS - 4.4/5 rating
https://www.robotshop.com/,RobotShop,Commerce/Retailer,2026-01-30,2026-01-30,active,20+ years - Lynxmotion - Humanoids - 4.5+ rating
https://www.seeedstudio.com/,Seeed Studio,Commerce/Manufacturer,2026-01-30,2026-01-30,active,Shenzhen 2008 - XIAO Grove - top 3 open-source hardware
https://www.dfrobot.com/,DFRobot,Commerce/Manufacturer,2026-01-30,2026-01-30,active,Shanghai/Chengdu 2008 - STEM education - 1M+ users
https://www.waveshare.com/,Waveshare,Commerce/Manufacturer,2026-01-30,2026-01-30,active,China - Raspberry Pi ecosystem - displays HATs
https://www.robotmarketplace.com/,The Robot MarketPlace,Commerce/Retailer,2026-01-30,2026-01-30,active,Florida 2001 - combat robots - AmpFlow FingerTech
https://thinkrobotics.com/,ThinkRobotics,Commerce/Retailer,2026-01-30,2026-01-30,active,India - AI/Jetson kits - DIY electronics
https://www.makeblock.com/,Makeblock,Kit Manufacturer,2026-01-30,2026-01-30,active,mBot mBot2 Ultimate 2.0 - STEM education kits since 2013
https://education.lego.com/,LEGO Education,Kit Manufacturer,2026-01-30,2026-01-30,active,SPIKE Prime - K-12 education - retiring 2026-06-30
https://sphero.com/,Sphero,Kit Manufacturer,2026-01-30,2026-01-30,active,Ball robots - STEAM education - K-12 focus
https://www.elegoo.com/,Elegoo,Kit Manufacturer,2026-01-30,2026-01-30,active,Smart Robot Car V3.0 - Arduino kits - budget friendly
https://www.petoi.com/,Petoi,Kit Manufacturer,2026-01-30,2026-01-30,active,Bittle Nybble - quadruped robot pets - open source
https://www.sunfounder.com/,SunFounder,Kit Manufacturer,2026-01-30,2026-01-30,active,PiCar-X PiDog - Raspberry Pi AI robot kits
https://www.turtlebot.com/,TurtleBot,Kit/Platform,2026-01-30,2026-01-30,active,Official ROS learning platform - TB3 TB4 - Open Robotics
https://www.dfrobot.com/product-192.html,DFRobot 6DOF Robot Arm,Kit,2026-01-30,2026-01-30,active,25KG servo robot arm kit - $259 - Arduino compatible
https://www.interbotix.com/,Interbotix,Kit Manufacturer,2026-01-30,2026-01-30,active,Professional ROS robot arms - research and education
https://www.techgearlab.com/topics/cool-gadgets/best-kids-robot,TechGearLab Robot Kit Reviews,Review Site,2026-01-30,2026-01-30,active,Expert robot kit reviews - updated 2025-03-16
https://www.youtube.com/@jamesbruton,James Bruton,YouTube Creator,2026-01-30,2026-01-30,active,1.39M subs - 786 videos - Robot and cosplay projects - openDog
https://www.youtube.com/@Jeremy_Fielding,Jeremy Fielding,YouTube Creator,2026-01-30,2026-01-30,active,1.19M subs - 149 videos - Motors and engineering education
https://www.youtube.com/@HowToMechatronics,How To Mechatronics,YouTube Creator,2026-01-30,2026-01-30,active,719K subs - 132 videos - Arduino robotics with website
https://www.youtube.com/@Dronebotworkshop,DroneBot Workshop,YouTube Creator,2026-01-30,2026-01-30,active,659K subs - 176 videos - Arduino RPi ESP32 tutorials
https://www.youtube.com/@paulmcwhorter,Paul McWhorter,YouTube Creator,2026-01-30,2026-01-30,active,425K subs - 986 videos - Arduino RPi education courses
https://www.youtube.com/@maker101io,Maker 101,YouTube Creator,2026-01-30,2026-01-30,active,172K subs - 199 videos - Arduino ESP32 DIY projects
https://www.youtube.com/@anninrobotics,Chris Annin - Annin Robotics,YouTube Creator,2026-01-30,2026-01-30,active,37.3K subs - AR4 open source 6-axis robot arm
https://www.youtube.com/@greatscottlab,GreatScott!,YouTube Creator,2026-01-30,2026-01-30,active,2M+ subs - Electronics DIY projects and education
http://www.taichi-maker.com/,太极创客,Tutorial Platform,2026-01-31,2026-01-31,active,Chinese Arduino/ESP32/IoT tutorials - Bilibili 3M+ views
https://mc.dfrobot.com.cn/,DF创客社区,Community,2026-01-31,2026-01-31,active,DFRobot official Chinese community - frequent project updates
https://bbs.elecfans.com/,电子发烧友论坛,Community,2026-01-31,2026-01-31,active,Major Chinese electronics forum - MCU AI robots
https://bbs.eeworld.com.cn/,EEWORLD论坛,Community,2026-01-31,2026-01-31,active,Chinese electronics engineering forum - Arduino ESP32
https://oshwhub.com/,立创开源硬件平台,Open Source Platform,2026-01-31,2026-01-31,active,LCEDA open source hardware platform - PCB designs
https://www.espressif.com/zh-hans/ecosystem/community-engagement/courses,乐鑫科技课程,Tutorial Platform,2026-01-31,2026-01-31,active,ESP32 official Chinese courses
https://space.bilibili.com/20259914,稚晖君,Bilibili Creator,2026-01-31,2026-01-31,active,3M+ followers - Dummy Robot ElectronBot open source
https://www.facebook.com/groups/arduinotaipei/,Arduino.Taipei,Facebook Community,2026-01-31,2026-01-31,active,47K+ members - Taiwan largest Arduino community
https://makerpro.cc/,MakerPRO,Community/Media,2026-01-31,2026-01-31,active,Taiwan maker media and forum
https://vmaker.tw/,vMaker台湾自造者,Media,2026-01-31,2026-01-31,active,Taiwan maker news platform
https://www.youtube.com/@夜市小霸王AIoT教學頻道,夜市小霸王,YouTube Creator,2026-01-31,2026-01-31,active,Taiwan Arduino ESP32 tutorials in Traditional Chinese
